--------------------------------------------------------
--  File created - lunes-abril-28-2025   
--------------------------------------------------------
--------------------------------------------------------
--  DDL for Table DBTOOLS$EXECUTION_HISTORY
--------------------------------------------------------

  CREATE TABLE "DBTOOLS$EXECUTION_HISTORY" 
   (	"ID" NUMBER, 
	"HASH" CLOB , 
	"CREATED_BY" VARCHAR2(255 BYTE) , 
	"CREATED_ON" TIMESTAMP (6) WITH TIME ZONE, 
	"UPDATED_BY" VARCHAR2(255 BYTE) , 
	"UPDATED_ON" TIMESTAMP (6) WITH TIME ZONE, 
	"STATEMENT" CLOB , 
	"TIMES" NUMBER
   ) SEGMENT CREATION IMMEDIATE 
  PCTFREE 10 PCTUSED 40 INITRANS 10 MAXTRANS 255 

  STORAGE(INITIAL 65536 NEXT 1048576 MINEXTENTS 1 MAXEXTENTS 2147483645
  PCTINCREASE 0 FREELISTS 1 FREELIST GROUPS 1
  BUFFER_POOL DEFAULT FLASH_CACHE DEFAULT CELL_FLASH_CACHE DEFAULT)
  
 LOB ("HASH") STORE AS SECUREFILE (
  ENABLE STORAGE IN ROW CHUNK 8192
  NOCACHE LOGGING  NOCOMPRESS  KEEP_DUPLICATES 
  STORAGE(INITIAL 106496 NEXT 1048576 MINEXTENTS 1 MAXEXTENTS 2147483645
  PCTINCREASE 0
  BUFFER_POOL DEFAULT FLASH_CACHE DEFAULT CELL_FLASH_CACHE DEFAULT)) 
 LOB ("STATEMENT") STORE AS SECUREFILE (
  ENABLE STORAGE IN ROW CHUNK 8192
  NOCACHE LOGGING  NOCOMPRESS  KEEP_DUPLICATES 
  STORAGE(INITIAL 106496 NEXT 1048576 MINEXTENTS 1 MAXEXTENTS 2147483645
  PCTINCREASE 0
  BUFFER_POOL DEFAULT FLASH_CACHE DEFAULT CELL_FLASH_CACHE DEFAULT)) ;
--------------------------------------------------------
--  DDL for Table DEVELOPER_SPRINT_STATS
--------------------------------------------------------

  CREATE TABLE "DEVELOPER_SPRINT_STATS" 
   (	"DEVELOPER_ID" NUMBER, 
	"SPRINT_ID" NUMBER, 
	"TOTAL_ASSIGNED_COUNT" NUMBER(5,0) DEFAULT 0, 
	"TOTAL_COMPLETED_COUNT" NUMBER(5,0) DEFAULT 0, 
	"SUM_ESTIMATED_HOURS" NUMBER(10,2) DEFAULT 0, 
	"SUM_ACTUAL_HOURS" NUMBER(10,2) DEFAULT 0, 
	"LAST_UPDATED_TS" TIMESTAMP (6) DEFAULT CURRENT_TIMESTAMP
   ) SEGMENT CREATION IMMEDIATE 
  PCTFREE 10 PCTUSED 40 INITRANS 10 MAXTRANS 255 

  STORAGE(INITIAL 65536 NEXT 1048576 MINEXTENTS 1 MAXEXTENTS 2147483645
  PCTINCREASE 0 FREELISTS 1 FREELIST GROUPS 1
  BUFFER_POOL DEFAULT FLASH_CACHE DEFAULT CELL_FLASH_CACHE DEFAULT)
  ;
--------------------------------------------------------
--  DDL for Table DEVELOPER_STATS
--------------------------------------------------------

  CREATE TABLE "DEVELOPER_STATS" 
   (	"DEVELOPER_ID" NUMBER, 
	"TOTAL_ASSIGNED_COUNT" NUMBER(5,0) DEFAULT 0, 
	"TOTAL_COMPLETED_COUNT" NUMBER(5,0) DEFAULT 0, 
	"SUM_ESTIMATED_HOURS" NUMBER(10,2) DEFAULT 0, 
	"SUM_ACTUAL_HOURS" NUMBER(10,2) DEFAULT 0, 
	"LAST_UPDATED_TS" TIMESTAMP (6) DEFAULT CURRENT_TIMESTAMP
   ) SEGMENT CREATION IMMEDIATE 
  PCTFREE 10 PCTUSED 40 INITRANS 10 MAXTRANS 255 

  STORAGE(INITIAL 65536 NEXT 1048576 MINEXTENTS 1 MAXEXTENTS 2147483645
  PCTINCREASE 0 FREELISTS 1 FREELIST GROUPS 1
  BUFFER_POOL DEFAULT FLASH_CACHE DEFAULT CELL_FLASH_CACHE DEFAULT)
  ;
--------------------------------------------------------
--  DDL for Table DEVELOPERS
--------------------------------------------------------

  CREATE TABLE "DEVELOPERS" 
   (	"ID" NUMBER GENERATED BY DEFAULT AS IDENTITY MINVALUE 1 MAXVALUE 9999999999999999999999999999 INCREMENT BY 1 START WITH 1 CACHE 20 NOORDER  NOCYCLE  NOKEEP  NOSCALE PRIMARY KEY, 
	"NAME" VARCHAR2(255 BYTE) , 
	"PHONE_NUMBER" VARCHAR2(20 BYTE) , 
	"EMAIL" VARCHAR2(255 BYTE) , 
	"PASSWORD_HASH" VARCHAR2(64 BYTE) , 
	"ROLE" VARCHAR2(20 BYTE)  DEFAULT 'developer'
   ) SEGMENT CREATION IMMEDIATE 
  PCTFREE 10 PCTUSED 40 INITRANS 10 MAXTRANS 255 

  STORAGE(INITIAL 65536 NEXT 1048576 MINEXTENTS 1 MAXEXTENTS 2147483645
  PCTINCREASE 0 FREELISTS 1 FREELIST GROUPS 1
  BUFFER_POOL DEFAULT FLASH_CACHE DEFAULT CELL_FLASH_CACHE DEFAULT)
  ;
--------------------------------------------------------
--  DDL for Table SPRINT_STATS
--------------------------------------------------------

  CREATE TABLE "SPRINT_STATS" 
   (	"SPRINT_ID" NUMBER, 
	"TOTAL_SUBTASKS" NUMBER(5,0) DEFAULT 0, 
	"TOTAL_COMPLETED" NUMBER(5,0) DEFAULT 0, 
	"SUM_ESTIMATED_HOURS" NUMBER(10,2) DEFAULT 0, 
	"SUM_ACTUAL_HOURS" NUMBER(10,2) DEFAULT 0, 
	"LAST_UPDATED_TS" TIMESTAMP (6) DEFAULT CURRENT_TIMESTAMP
   ) SEGMENT CREATION IMMEDIATE 
  PCTFREE 10 PCTUSED 40 INITRANS 10 MAXTRANS 255 

  STORAGE(INITIAL 65536 NEXT 1048576 MINEXTENTS 1 MAXEXTENTS 2147483645
  PCTINCREASE 0 FREELISTS 1 FREELIST GROUPS 1
  BUFFER_POOL DEFAULT FLASH_CACHE DEFAULT CELL_FLASH_CACHE DEFAULT)
  ;
--------------------------------------------------------
--  DDL for Table SPRINTS
--------------------------------------------------------

  CREATE TABLE "SPRINTS" 
   (	"ID" NUMBER GENERATED BY DEFAULT AS IDENTITY MINVALUE 1 MAXVALUE 9999999999999999999999999999 INCREMENT BY 1 START WITH 1 CACHE 20 NOORDER  NOCYCLE  NOKEEP  NOSCALE PRIMARY KEY, 
	"SPRINT_NUMBER" NUMBER, 
	"START_DATE" DATE, 
	"END_DATE" DATE
   ) SEGMENT CREATION IMMEDIATE 
  PCTFREE 10 PCTUSED 40 INITRANS 10 MAXTRANS 255 

  STORAGE(INITIAL 65536 NEXT 1048576 MINEXTENTS 1 MAXEXTENTS 2147483645
  PCTINCREASE 0 FREELISTS 1 FREELIST GROUPS 1
  BUFFER_POOL DEFAULT FLASH_CACHE DEFAULT CELL_FLASH_CACHE DEFAULT)
  ;
--------------------------------------------------------
--  DDL for Table TODOITEM
--------------------------------------------------------

  CREATE TABLE "TODOITEM" 
   (	"ID" NUMBER GENERATED ALWAYS AS IDENTITY MINVALUE 1 MAXVALUE 9999999999999999999999999999 INCREMENT BY 1 START WITH 1 CACHE 20 NOORDER  NOCYCLE  NOKEEP  NOSCALE PRIMARY KEY, 
	"DESCRIPTION" VARCHAR2(4000 BYTE) , 
	"CREATION_TS" TIMESTAMP (6) WITH TIME ZONE DEFAULT CURRENT_TIMESTAMP, 
	"DONE" NUMBER(1,0), 
	"START_DATE" TIMESTAMP (6) DEFAULT CURRENT_TIMESTAMP, 
	"END_DATE" TIMESTAMP (6), 
	"PROGRESS" NUMBER(5,2) DEFAULT 0, 
	"STATUS" VARCHAR2(50 BYTE)  DEFAULT 'Not Started', 
	"TITLE" VARCHAR2(255 BYTE) , 
	"SPRINT_ID" NUMBER, 
	"IS_ACTIVE" NUMBER(1,0) DEFAULT 1
   ) SEGMENT CREATION IMMEDIATE 
  PCTFREE 10 PCTUSED 40 INITRANS 10 MAXTRANS 255 

  STORAGE(INITIAL 65536 NEXT 1048576 MINEXTENTS 1 MAXEXTENTS 2147483645
  PCTINCREASE 0 FREELISTS 1 FREELIST GROUPS 1
  BUFFER_POOL DEFAULT FLASH_CACHE DEFAULT CELL_FLASH_CACHE DEFAULT)
  ;
--------------------------------------------------------
--  DDL for Table SUBTASKS
--------------------------------------------------------

  CREATE TABLE "SUBTASKS" 
   (	"ID" NUMBER GENERATED BY DEFAULT AS IDENTITY MINVALUE 1 MAXVALUE 9999999999999999999999999999 INCREMENT BY 1 START WITH 1 CACHE 20 NOORDER  NOCYCLE  NOKEEP  NOSCALE PRIMARY KEY, 
	"MAIN_TASK_ID" NUMBER, 
	"TITLE" VARCHAR2(255 BYTE) , 
	"COMPLETED" NUMBER(1,0), 
	"ASSIGNED_DEVELOPER_ID" NUMBER, 
	"IS_ACTIVE" NUMBER(1,0) DEFAULT 1, 
	"ESTIMATED_HOURS" NUMBER(3,1), 
	"ACTUAL_HOURS" NUMBER(4,2),
  CONSTRAINT "FK_SUBTASKS_MAIN_TASK" FOREIGN KEY ("MAIN_TASK_ID")
        REFERENCES "TODOITEM" ("ID") ON DELETE CASCADE
   ) SEGMENT CREATION IMMEDIATE 
  PCTFREE 10 PCTUSED 40 INITRANS 10 MAXTRANS 255 

  STORAGE(INITIAL 65536 NEXT 1048576 MINEXTENTS 1 MAXEXTENTS 2147483645
  PCTINCREASE 0 FREELISTS 1 FREELIST GROUPS 1
  BUFFER_POOL DEFAULT FLASH_CACHE DEFAULT CELL_FLASH_CACHE DEFAULT)
  ;

Insert into DBTOOLS$EXECUTION_HISTORY (ID,CREATED_BY,CREATED_ON,UPDATED_BY,UPDATED_ON,TIMES) values (5,'TODOUSER',SYSTIMESTAMP,'TODOUSER',SYSTIMESTAMP,1);
Insert into DBTOOLS$EXECUTION_HISTORY (ID,CREATED_BY,CREATED_ON,UPDATED_BY,UPDATED_ON,TIMES) values (18,'TODOUSER',SYSTIMESTAMP,'TODOUSER',SYSTIMESTAMP,1);
Insert into DBTOOLS$EXECUTION_HISTORY (ID,CREATED_BY,CREATED_ON,UPDATED_BY,UPDATED_ON,TIMES) values (20,'TODOUSER',SYSTIMESTAMP,'TODOUSER',SYSTIMESTAMP,8);
Insert into DBTOOLS$EXECUTION_HISTORY (ID,CREATED_BY,CREATED_ON,UPDATED_BY,UPDATED_ON,TIMES) values (22,'TODOUSER',SYSTIMESTAMP,'TODOUSER',SYSTIMESTAMP,1);
Insert into DBTOOLS$EXECUTION_HISTORY (ID,CREATED_BY,CREATED_ON,UPDATED_BY,UPDATED_ON,TIMES) values (27,'TODOUSER',SYSTIMESTAMP,'TODOUSER',SYSTIMESTAMP,1);
Insert into DBTOOLS$EXECUTION_HISTORY (ID,CREATED_BY,CREATED_ON,UPDATED_BY,UPDATED_ON,TIMES) values (28,'TODOUSER',SYSTIMESTAMP,'TODOUSER',SYSTIMESTAMP,1);
Insert into DBTOOLS$EXECUTION_HISTORY (ID,CREATED_BY,CREATED_ON,UPDATED_BY,UPDATED_ON,TIMES) values (29,'TODOUSER',SYSTIMESTAMP,'TODOUSER',SYSTIMESTAMP,2);
Insert into DBTOOLS$EXECUTION_HISTORY (ID,CREATED_BY,CREATED_ON,UPDATED_BY,UPDATED_ON,TIMES) values (30,'TODOUSER',SYSTIMESTAMP,'TODOUSER',SYSTIMESTAMP,1);
Insert into DBTOOLS$EXECUTION_HISTORY (ID,CREATED_BY,CREATED_ON,UPDATED_BY,UPDATED_ON,TIMES) values (31,'TODOUSER',SYSTIMESTAMP,'TODOUSER',SYSTIMESTAMP,1);
Insert into DBTOOLS$EXECUTION_HISTORY (ID,CREATED_BY,CREATED_ON,UPDATED_BY,UPDATED_ON,TIMES) values (32,'TODOUSER',SYSTIMESTAMP,'TODOUSER',SYSTIMESTAMP,1);
Insert into DBTOOLS$EXECUTION_HISTORY (ID,CREATED_BY,CREATED_ON,UPDATED_BY,UPDATED_ON,TIMES) values (33,'TODOUSER',SYSTIMESTAMP,'TODOUSER',SYSTIMESTAMP,1);
Insert into DBTOOLS$EXECUTION_HISTORY (ID,CREATED_BY,CREATED_ON,UPDATED_BY,UPDATED_ON,TIMES) values (35,'TODOUSER',SYSTIMESTAMP,'TODOUSER',SYSTIMESTAMP,1);
Insert into DBTOOLS$EXECUTION_HISTORY (ID,CREATED_BY,CREATED_ON,UPDATED_BY,UPDATED_ON,TIMES) values (39,'TODOUSER',SYSTIMESTAMP,'TODOUSER',SYSTIMESTAMP,11);
Insert into DBTOOLS$EXECUTION_HISTORY (ID,CREATED_BY,CREATED_ON,UPDATED_BY,UPDATED_ON,TIMES) values (41,'TODOUSER',SYSTIMESTAMP,'TODOUSER',SYSTIMESTAMP,1);
Insert into DBTOOLS$EXECUTION_HISTORY (ID,CREATED_BY,CREATED_ON,UPDATED_BY,UPDATED_ON,TIMES) values (6,'TODOUSER',SYSTIMESTAMP,'TODOUSER',SYSTIMESTAMP,4);
Insert into DBTOOLS$EXECUTION_HISTORY (ID,CREATED_BY,CREATED_ON,UPDATED_BY,UPDATED_ON,TIMES) values (9,'TODOUSER',SYSTIMESTAMP,'TODOUSER',SYSTIMESTAMP,1);
Insert into DBTOOLS$EXECUTION_HISTORY (ID,CREATED_BY,CREATED_ON,UPDATED_BY,UPDATED_ON,TIMES) values (11,'TODOUSER',SYSTIMESTAMP,'TODOUSER',SYSTIMESTAMP,1);
Insert into DBTOOLS$EXECUTION_HISTORY (ID,CREATED_BY,CREATED_ON,UPDATED_BY,UPDATED_ON,TIMES) values (17,'TODOUSER',SYSTIMESTAMP,'TODOUSER',SYSTIMESTAMP,1);
Insert into DBTOOLS$EXECUTION_HISTORY (ID,CREATED_BY,CREATED_ON,UPDATED_BY,UPDATED_ON,TIMES) values (19,'TODOUSER',SYSTIMESTAMP,'TODOUSER',SYSTIMESTAMP,1);
Insert into DBTOOLS$EXECUTION_HISTORY (ID,CREATED_BY,CREATED_ON,UPDATED_BY,UPDATED_ON,TIMES) values (62,'TODOUSER',SYSTIMESTAMP,'TODOUSER',SYSTIMESTAMP,1);
Insert into DBTOOLS$EXECUTION_HISTORY (ID,CREATED_BY,CREATED_ON,UPDATED_BY,UPDATED_ON,TIMES) values (2,'TODOUSER',SYSTIMESTAMP,'TODOUSER',SYSTIMESTAMP,1);
Insert into DBTOOLS$EXECUTION_HISTORY (ID,CREATED_BY,CREATED_ON,UPDATED_BY,UPDATED_ON,TIMES) values (21,'TODOUSER',SYSTIMESTAMP,'TODOUSER',SYSTIMESTAMP,1);
Insert into DBTOOLS$EXECUTION_HISTORY (ID,CREATED_BY,CREATED_ON,UPDATED_BY,UPDATED_ON,TIMES) values (25,'TODOUSER',SYSTIMESTAMP,'TODOUSER',SYSTIMESTAMP,1);
Insert into DBTOOLS$EXECUTION_HISTORY (ID,CREATED_BY,CREATED_ON,UPDATED_BY,UPDATED_ON,TIMES) values (26,'TODOUSER',SYSTIMESTAMP,'TODOUSER',SYSTIMESTAMP,1);
Insert into DBTOOLS$EXECUTION_HISTORY (ID,CREATED_BY,CREATED_ON,UPDATED_BY,UPDATED_ON,TIMES) values (4,'TODOUSER',SYSTIMESTAMP,'TODOUSER',SYSTIMESTAMP,1);
Insert into DBTOOLS$EXECUTION_HISTORY (ID,CREATED_BY,CREATED_ON,UPDATED_BY,UPDATED_ON,TIMES) values (7,'TODOUSER',SYSTIMESTAMP,'TODOUSER',SYSTIMESTAMP,1);
Insert into DBTOOLS$EXECUTION_HISTORY (ID,CREATED_BY,CREATED_ON,UPDATED_BY,UPDATED_ON,TIMES) values (8,'TODOUSER',SYSTIMESTAMP,'TODOUSER',SYSTIMESTAMP,1);
Insert into DBTOOLS$EXECUTION_HISTORY (ID,CREATED_BY,CREATED_ON,UPDATED_BY,UPDATED_ON,TIMES) values (10,'TODOUSER',SYSTIMESTAMP,'TODOUSER',SYSTIMESTAMP,9);
Insert into DBTOOLS$EXECUTION_HISTORY (ID,CREATED_BY,CREATED_ON,UPDATED_BY,UPDATED_ON,TIMES) values (13,'TODOUSER',SYSTIMESTAMP,'TODOUSER',SYSTIMESTAMP,1);
Insert into DBTOOLS$EXECUTION_HISTORY (ID,CREATED_BY,CREATED_ON,UPDATED_BY,UPDATED_ON,TIMES) values (14,'TODOUSER',SYSTIMESTAMP,'TODOUSER',SYSTIMESTAMP,4);
Insert into DBTOOLS$EXECUTION_HISTORY (ID,CREATED_BY,CREATED_ON,UPDATED_BY,UPDATED_ON,TIMES) values (23,'TODOUSER',SYSTIMESTAMP,'TODOUSER',SYSTIMESTAMP,8);
Insert into DBTOOLS$EXECUTION_HISTORY (ID,CREATED_BY,CREATED_ON,UPDATED_BY,UPDATED_ON,TIMES) values (24,'TODOUSER',SYSTIMESTAMP,'TODOUSER',SYSTIMESTAMP,1);
Insert into DBTOOLS$EXECUTION_HISTORY (ID,CREATED_BY,CREATED_ON,UPDATED_BY,UPDATED_ON,TIMES) values (34,'TODOUSER',SYSTIMESTAMP,'TODOUSER',SYSTIMESTAMP,1);
Insert into DBTOOLS$EXECUTION_HISTORY (ID,CREATED_BY,CREATED_ON,UPDATED_BY,UPDATED_ON,TIMES) values (36,'TODOUSER',SYSTIMESTAMP,'TODOUSER',SYSTIMESTAMP,1);
Insert into DBTOOLS$EXECUTION_HISTORY (ID,CREATED_BY,CREATED_ON,UPDATED_BY,UPDATED_ON,TIMES) values (37,'TODOUSER',SYSTIMESTAMP,'TODOUSER',SYSTIMESTAMP,1);
Insert into DBTOOLS$EXECUTION_HISTORY (ID,CREATED_BY,CREATED_ON,UPDATED_BY,UPDATED_ON,TIMES) values (38,'TODOUSER',SYSTIMESTAMP,'TODOUSER',SYSTIMESTAMP,1);

Insert into DEVELOPER_SPRINT_STATS (DEVELOPER_ID,SPRINT_ID,TOTAL_ASSIGNED_COUNT,TOTAL_COMPLETED_COUNT,SUM_ESTIMATED_HOURS,SUM_ACTUAL_HOURS,LAST_UPDATED_TS) values (6,5,1,0,0,0,SYSTIMESTAMP);
Insert into DEVELOPER_SPRINT_STATS (DEVELOPER_ID,SPRINT_ID,TOTAL_ASSIGNED_COUNT,TOTAL_COMPLETED_COUNT,SUM_ESTIMATED_HOURS,SUM_ACTUAL_HOURS,LAST_UPDATED_TS) values (5,2,4,4,6.5,8,SYSTIMESTAMP);
Insert into DEVELOPER_SPRINT_STATS (DEVELOPER_ID,SPRINT_ID,TOTAL_ASSIGNED_COUNT,TOTAL_COMPLETED_COUNT,SUM_ESTIMATED_HOURS,SUM_ACTUAL_HOURS,LAST_UPDATED_TS) values (3,1,4,4,4,4,SYSTIMESTAMP);
Insert into DEVELOPER_SPRINT_STATS (DEVELOPER_ID,SPRINT_ID,TOTAL_ASSIGNED_COUNT,TOTAL_COMPLETED_COUNT,SUM_ESTIMATED_HOURS,SUM_ACTUAL_HOURS,LAST_UPDATED_TS) values (4,1,4,4,4,4.5,SYSTIMESTAMP);
Insert into DEVELOPER_SPRINT_STATS (DEVELOPER_ID,SPRINT_ID,TOTAL_ASSIGNED_COUNT,TOTAL_COMPLETED_COUNT,SUM_ESTIMATED_HOURS,SUM_ACTUAL_HOURS,LAST_UPDATED_TS) values (3,2,1,1,1.5,1,SYSTIMESTAMP);
Insert into DEVELOPER_SPRINT_STATS (DEVELOPER_ID,SPRINT_ID,TOTAL_ASSIGNED_COUNT,TOTAL_COMPLETED_COUNT,SUM_ESTIMATED_HOURS,SUM_ACTUAL_HOURS,LAST_UPDATED_TS) values (2,2,3,3,3.5,5,SYSTIMESTAMP);
Insert into DEVELOPER_SPRINT_STATS (DEVELOPER_ID,SPRINT_ID,TOTAL_ASSIGNED_COUNT,TOTAL_COMPLETED_COUNT,SUM_ESTIMATED_HOURS,SUM_ACTUAL_HOURS,LAST_UPDATED_TS) values (4,2,3,3,3.5,5.5,SYSTIMESTAMP);
Insert into DEVELOPER_SPRINT_STATS (DEVELOPER_ID,SPRINT_ID,TOTAL_ASSIGNED_COUNT,TOTAL_COMPLETED_COUNT,SUM_ESTIMATED_HOURS,SUM_ACTUAL_HOURS,LAST_UPDATED_TS) values (6,2,4,4,6,8,SYSTIMESTAMP);
Insert into DEVELOPER_SPRINT_STATS (DEVELOPER_ID,SPRINT_ID,TOTAL_ASSIGNED_COUNT,TOTAL_COMPLETED_COUNT,SUM_ESTIMATED_HOURS,SUM_ACTUAL_HOURS,LAST_UPDATED_TS) values (2,1,4,4,2,4.5,SYSTIMESTAMP);
Insert into DEVELOPER_SPRINT_STATS (DEVELOPER_ID,SPRINT_ID,TOTAL_ASSIGNED_COUNT,TOTAL_COMPLETED_COUNT,SUM_ESTIMATED_HOURS,SUM_ACTUAL_HOURS,LAST_UPDATED_TS) values (2,5,1,1,2,2,SYSTIMESTAMP);
Insert into DEVELOPER_SPRINT_STATS (DEVELOPER_ID,SPRINT_ID,TOTAL_ASSIGNED_COUNT,TOTAL_COMPLETED_COUNT,SUM_ESTIMATED_HOURS,SUM_ACTUAL_HOURS,LAST_UPDATED_TS) values (21,1,0,0,0,0,SYSTIMESTAMP);
Insert into DEVELOPER_SPRINT_STATS (DEVELOPER_ID,SPRINT_ID,TOTAL_ASSIGNED_COUNT,TOTAL_COMPLETED_COUNT,SUM_ESTIMATED_HOURS,SUM_ACTUAL_HOURS,LAST_UPDATED_TS) values (21,2,0,0,0,0,SYSTIMESTAMP);
Insert into DEVELOPER_SPRINT_STATS (DEVELOPER_ID,SPRINT_ID,TOTAL_ASSIGNED_COUNT,TOTAL_COMPLETED_COUNT,SUM_ESTIMATED_HOURS,SUM_ACTUAL_HOURS,LAST_UPDATED_TS) values (21,3,0,0,0,0,SYSTIMESTAMP);
Insert into DEVELOPER_SPRINT_STATS (DEVELOPER_ID,SPRINT_ID,TOTAL_ASSIGNED_COUNT,TOTAL_COMPLETED_COUNT,SUM_ESTIMATED_HOURS,SUM_ACTUAL_HOURS,LAST_UPDATED_TS) values (21,4,0,0,0,0,SYSTIMESTAMP);
Insert into DEVELOPER_SPRINT_STATS (DEVELOPER_ID,SPRINT_ID,TOTAL_ASSIGNED_COUNT,TOTAL_COMPLETED_COUNT,SUM_ESTIMATED_HOURS,SUM_ACTUAL_HOURS,LAST_UPDATED_TS) values (21,5,0,0,0,0,SYSTIMESTAMP);
Insert into DEVELOPER_SPRINT_STATS (DEVELOPER_ID,SPRINT_ID,TOTAL_ASSIGNED_COUNT,TOTAL_COMPLETED_COUNT,SUM_ESTIMATED_HOURS,SUM_ACTUAL_HOURS,LAST_UPDATED_TS) values (1,2,2,2,2.5,3,SYSTIMESTAMP);
Insert into DEVELOPER_SPRINT_STATS (DEVELOPER_ID,SPRINT_ID,TOTAL_ASSIGNED_COUNT,TOTAL_COMPLETED_COUNT,SUM_ESTIMATED_HOURS,SUM_ACTUAL_HOURS,LAST_UPDATED_TS) values (22,1,0,0,0,0,SYSTIMESTAMP);
Insert into DEVELOPER_SPRINT_STATS (DEVELOPER_ID,SPRINT_ID,TOTAL_ASSIGNED_COUNT,TOTAL_COMPLETED_COUNT,SUM_ESTIMATED_HOURS,SUM_ACTUAL_HOURS,LAST_UPDATED_TS) values (22,2,0,0,0,0,SYSTIMESTAMP);
Insert into DEVELOPER_SPRINT_STATS (DEVELOPER_ID,SPRINT_ID,TOTAL_ASSIGNED_COUNT,TOTAL_COMPLETED_COUNT,SUM_ESTIMATED_HOURS,SUM_ACTUAL_HOURS,LAST_UPDATED_TS) values (22,3,0,0,0,0,SYSTIMESTAMP);
Insert into DEVELOPER_SPRINT_STATS (DEVELOPER_ID,SPRINT_ID,TOTAL_ASSIGNED_COUNT,TOTAL_COMPLETED_COUNT,SUM_ESTIMATED_HOURS,SUM_ACTUAL_HOURS,LAST_UPDATED_TS) values (22,4,0,0,0,0,SYSTIMESTAMP);
Insert into DEVELOPER_SPRINT_STATS (DEVELOPER_ID,SPRINT_ID,TOTAL_ASSIGNED_COUNT,TOTAL_COMPLETED_COUNT,SUM_ESTIMATED_HOURS,SUM_ACTUAL_HOURS,LAST_UPDATED_TS) values (22,5,0,0,0,0,SYSTIMESTAMP);
Insert into DEVELOPER_SPRINT_STATS (DEVELOPER_ID,SPRINT_ID,TOTAL_ASSIGNED_COUNT,TOTAL_COMPLETED_COUNT,SUM_ESTIMATED_HOURS,SUM_ACTUAL_HOURS,LAST_UPDATED_TS) values (1,1,7,7,5.5,9.5,SYSTIMESTAMP);
Insert into DEVELOPER_SPRINT_STATS (DEVELOPER_ID,SPRINT_ID,TOTAL_ASSIGNED_COUNT,TOTAL_COMPLETED_COUNT,SUM_ESTIMATED_HOURS,SUM_ACTUAL_HOURS,LAST_UPDATED_TS) values (5,1,0,0,0,0,SYSTIMESTAMP);
Insert into DEVELOPER_SPRINT_STATS (DEVELOPER_ID,SPRINT_ID,TOTAL_ASSIGNED_COUNT,TOTAL_COMPLETED_COUNT,SUM_ESTIMATED_HOURS,SUM_ACTUAL_HOURS,LAST_UPDATED_TS) values (6,1,0,0,0,0,SYSTIMESTAMP);
Insert into DEVELOPER_SPRINT_STATS (DEVELOPER_ID,SPRINT_ID,TOTAL_ASSIGNED_COUNT,TOTAL_COMPLETED_COUNT,SUM_ESTIMATED_HOURS,SUM_ACTUAL_HOURS,LAST_UPDATED_TS) values (1,3,0,0,0,0,SYSTIMESTAMP);
Insert into DEVELOPER_SPRINT_STATS (DEVELOPER_ID,SPRINT_ID,TOTAL_ASSIGNED_COUNT,TOTAL_COMPLETED_COUNT,SUM_ESTIMATED_HOURS,SUM_ACTUAL_HOURS,LAST_UPDATED_TS) values (2,3,0,0,0,0,SYSTIMESTAMP);
Insert into DEVELOPER_SPRINT_STATS (DEVELOPER_ID,SPRINT_ID,TOTAL_ASSIGNED_COUNT,TOTAL_COMPLETED_COUNT,SUM_ESTIMATED_HOURS,SUM_ACTUAL_HOURS,LAST_UPDATED_TS) values (3,3,0,0,0,0,SYSTIMESTAMP);
Insert into DEVELOPER_SPRINT_STATS (DEVELOPER_ID,SPRINT_ID,TOTAL_ASSIGNED_COUNT,TOTAL_COMPLETED_COUNT,SUM_ESTIMATED_HOURS,SUM_ACTUAL_HOURS,LAST_UPDATED_TS) values (4,3,0,0,0,0,SYSTIMESTAMP);
Insert into DEVELOPER_SPRINT_STATS (DEVELOPER_ID,SPRINT_ID,TOTAL_ASSIGNED_COUNT,TOTAL_COMPLETED_COUNT,SUM_ESTIMATED_HOURS,SUM_ACTUAL_HOURS,LAST_UPDATED_TS) values (5,3,0,0,0,0,SYSTIMESTAMP);
Insert into DEVELOPER_SPRINT_STATS (DEVELOPER_ID,SPRINT_ID,TOTAL_ASSIGNED_COUNT,TOTAL_COMPLETED_COUNT,SUM_ESTIMATED_HOURS,SUM_ACTUAL_HOURS,LAST_UPDATED_TS) values (6,3,0,0,0,0,SYSTIMESTAMP);
Insert into DEVELOPER_SPRINT_STATS (DEVELOPER_ID,SPRINT_ID,TOTAL_ASSIGNED_COUNT,TOTAL_COMPLETED_COUNT,SUM_ESTIMATED_HOURS,SUM_ACTUAL_HOURS,LAST_UPDATED_TS) values (1,4,0,0,0,0,SYSTIMESTAMP);
Insert into DEVELOPER_SPRINT_STATS (DEVELOPER_ID,SPRINT_ID,TOTAL_ASSIGNED_COUNT,TOTAL_COMPLETED_COUNT,SUM_ESTIMATED_HOURS,SUM_ACTUAL_HOURS,LAST_UPDATED_TS) values (2,4,0,0,0,0,SYSTIMESTAMP);
Insert into DEVELOPER_SPRINT_STATS (DEVELOPER_ID,SPRINT_ID,TOTAL_ASSIGNED_COUNT,TOTAL_COMPLETED_COUNT,SUM_ESTIMATED_HOURS,SUM_ACTUAL_HOURS,LAST_UPDATED_TS) values (3,4,0,0,0,0,SYSTIMESTAMP);
Insert into DEVELOPER_SPRINT_STATS (DEVELOPER_ID,SPRINT_ID,TOTAL_ASSIGNED_COUNT,TOTAL_COMPLETED_COUNT,SUM_ESTIMATED_HOURS,SUM_ACTUAL_HOURS,LAST_UPDATED_TS) values (4,4,0,0,0,0,SYSTIMESTAMP);
Insert into DEVELOPER_SPRINT_STATS (DEVELOPER_ID,SPRINT_ID,TOTAL_ASSIGNED_COUNT,TOTAL_COMPLETED_COUNT,SUM_ESTIMATED_HOURS,SUM_ACTUAL_HOURS,LAST_UPDATED_TS) values (5,4,0,0,0,0,SYSTIMESTAMP);
Insert into DEVELOPER_SPRINT_STATS (DEVELOPER_ID,SPRINT_ID,TOTAL_ASSIGNED_COUNT,TOTAL_COMPLETED_COUNT,SUM_ESTIMATED_HOURS,SUM_ACTUAL_HOURS,LAST_UPDATED_TS) values (6,4,0,0,0,0,SYSTIMESTAMP);
Insert into DEVELOPER_SPRINT_STATS (DEVELOPER_ID,SPRINT_ID,TOTAL_ASSIGNED_COUNT,TOTAL_COMPLETED_COUNT,SUM_ESTIMATED_HOURS,SUM_ACTUAL_HOURS,LAST_UPDATED_TS) values (1,5,0,0,0,0,SYSTIMESTAMP);
Insert into DEVELOPER_SPRINT_STATS (DEVELOPER_ID,SPRINT_ID,TOTAL_ASSIGNED_COUNT,TOTAL_COMPLETED_COUNT,SUM_ESTIMATED_HOURS,SUM_ACTUAL_HOURS,LAST_UPDATED_TS) values (3,5,0,0,0,0,SYSTIMESTAMP);
Insert into DEVELOPER_SPRINT_STATS (DEVELOPER_ID,SPRINT_ID,TOTAL_ASSIGNED_COUNT,TOTAL_COMPLETED_COUNT,SUM_ESTIMATED_HOURS,SUM_ACTUAL_HOURS,LAST_UPDATED_TS) values (4,5,0,0,0,0,SYSTIMESTAMP);
Insert into DEVELOPER_SPRINT_STATS (DEVELOPER_ID,SPRINT_ID,TOTAL_ASSIGNED_COUNT,TOTAL_COMPLETED_COUNT,SUM_ESTIMATED_HOURS,SUM_ACTUAL_HOURS,LAST_UPDATED_TS) values (5,5,0,0,0,0,SYSTIMESTAMP);

Insert into DEVELOPER_STATS (DEVELOPER_ID,TOTAL_ASSIGNED_COUNT,TOTAL_COMPLETED_COUNT,SUM_ESTIMATED_HOURS,SUM_ACTUAL_HOURS,LAST_UPDATED_TS) values (1,10,9,8,12.5,SYSTIMESTAMP);
Insert into DEVELOPER_STATS (DEVELOPER_ID,TOTAL_ASSIGNED_COUNT,TOTAL_COMPLETED_COUNT,SUM_ESTIMATED_HOURS,SUM_ACTUAL_HOURS,LAST_UPDATED_TS) values (2,8,8,7.5,11.5,SYSTIMESTAMP);
Insert into DEVELOPER_STATS (DEVELOPER_ID,TOTAL_ASSIGNED_COUNT,TOTAL_COMPLETED_COUNT,SUM_ESTIMATED_HOURS,SUM_ACTUAL_HOURS,LAST_UPDATED_TS) values (3,5,5,5.5,5,SYSTIMESTAMP);
Insert into DEVELOPER_STATS (DEVELOPER_ID,TOTAL_ASSIGNED_COUNT,TOTAL_COMPLETED_COUNT,SUM_ESTIMATED_HOURS,SUM_ACTUAL_HOURS,LAST_UPDATED_TS) values (4,9,7,7.5,10,SYSTIMESTAMP);
Insert into DEVELOPER_STATS (DEVELOPER_ID,TOTAL_ASSIGNED_COUNT,TOTAL_COMPLETED_COUNT,SUM_ESTIMATED_HOURS,SUM_ACTUAL_HOURS,LAST_UPDATED_TS) values (5,5,4,6.5,8,SYSTIMESTAMP);
Insert into DEVELOPER_STATS (DEVELOPER_ID,TOTAL_ASSIGNED_COUNT,TOTAL_COMPLETED_COUNT,SUM_ESTIMATED_HOURS,SUM_ACTUAL_HOURS,LAST_UPDATED_TS) values (6,6,4,6,8,SYSTIMESTAMP);
Insert into DEVELOPER_STATS (DEVELOPER_ID,TOTAL_ASSIGNED_COUNT,TOTAL_COMPLETED_COUNT,SUM_ESTIMATED_HOURS,SUM_ACTUAL_HOURS,LAST_UPDATED_TS) values (21,0,0,0,0,SYSTIMESTAMP);
Insert into DEVELOPER_STATS (DEVELOPER_ID,TOTAL_ASSIGNED_COUNT,TOTAL_COMPLETED_COUNT,SUM_ESTIMATED_HOURS,SUM_ACTUAL_HOURS,LAST_UPDATED_TS) values (22,0,0,0,0,SYSTIMESTAMP);

Insert into DEVELOPERS (ID,NAME,PHONE_NUMBER,EMAIL,PASSWORD_HASH,ROLE) values (1,'Emiliano Neaves Ortiz','+526142864991','a01568982@tec.mx','66590f8e3ca12526698c2f9b9daf585380f5b92c1320962fd134ba8270ab410e','developer');
Insert into DEVELOPERS (ID,NAME,PHONE_NUMBER,EMAIL,PASSWORD_HASH,ROLE) values (5,'Sebastian Cervera Maltos','+524436930710','a01068436@tec.mx','6052bee76d5ac4d99b3daa85ff1a8395815f9892de9c759e1c3ec11ba4a83037','developer');
Insert into DEVELOPERS (ID,NAME,PHONE_NUMBER,EMAIL,PASSWORD_HASH,ROLE) values (2,'Ana Karen Valencia Villaseñor ','+524432021308','a01067716@tec.mx','e02b02b2634dca59e874d01dac7f1769d50a8154e61e117ef8e2f3b2c40f511f','developer');
Insert into DEVELOPERS (ID,NAME,PHONE_NUMBER,EMAIL,PASSWORD_HASH,ROLE) values (3,' Daniela Rocha Muñoz ','+524771303714','a00573664@tec.mx','f30107deb5de5a5695f0d7cc626a76d19d50ae223ab012a475e4b38553fb7d67','developer');
Insert into DEVELOPERS (ID,NAME,PHONE_NUMBER,EMAIL,PASSWORD_HASH,ROLE) values (4,'Sergio Eduardo Gutiérrez Torres','+524433859156','a01068505@tec.mx','4d4f26369171994f3a46776ee2d88494fb9955800a5bb6261c016c4bb9f30b56','projectmanager');
Insert into DEVELOPERS (ID,NAME,PHONE_NUMBER,EMAIL,PASSWORD_HASH,ROLE) values (6,'Monica Escobedo Cota','+523334614250','a01642647@tec.mx','5e884898da28047151d0e56f8dc6292773603d0d6aabbdd62a11ef721d1542d8','developer');
Insert into DEVELOPERS (ID,NAME,PHONE_NUMBER,EMAIL,PASSWORD_HASH,ROLE) values (21,'Lorena Gomez','+525555555555','lgomez@tec.mx','987c235300ef3c7f063615fc613dac9a10aeaaf9ba96549e8a725770dcce51f1','projectmanager');
Insert into DEVELOPERS (ID,NAME,PHONE_NUMBER,EMAIL,PASSWORD_HASH,ROLE) values (22,'Oswaldo Rojas','+525555555555','oswaldo.rojas@oracle.com','c0c6804d3096148f93bce213f54b7578c208d3a439c3dcb670582b8c5f0ab8b8','projectmanager');

Insert into SPRINT_STATS (SPRINT_ID,TOTAL_SUBTASKS,TOTAL_COMPLETED,SUM_ESTIMATED_HOURS,SUM_ACTUAL_HOURS,LAST_UPDATED_TS) values (1,19,19,15.5,22.5,SYSTIMESTAMP);
Insert into SPRINT_STATS (SPRINT_ID,TOTAL_SUBTASKS,TOTAL_COMPLETED,SUM_ESTIMATED_HOURS,SUM_ACTUAL_HOURS,LAST_UPDATED_TS) values (2,17,17,23.5,30.5,SYSTIMESTAMP);
Insert into SPRINT_STATS (SPRINT_ID,TOTAL_SUBTASKS,TOTAL_COMPLETED,SUM_ESTIMATED_HOURS,SUM_ACTUAL_HOURS,LAST_UPDATED_TS) values (3,0,0,0,0,SYSTIMESTAMP);
Insert into SPRINT_STATS (SPRINT_ID,TOTAL_SUBTASKS,TOTAL_COMPLETED,SUM_ESTIMATED_HOURS,SUM_ACTUAL_HOURS,LAST_UPDATED_TS) values (4,0,0,0,0,SYSTIMESTAMP);
Insert into SPRINT_STATS (SPRINT_ID,TOTAL_SUBTASKS,TOTAL_COMPLETED,SUM_ESTIMATED_HOURS,SUM_ACTUAL_HOURS,LAST_UPDATED_TS) values (5,3,1,2,2,SYSTIMESTAMP);

Insert into SPRINTS (ID,SPRINT_NUMBER,START_DATE,END_DATE) values (1,1,to_date('24-03-25','DD-MM-RR'),to_date('07-04-25','DD-MM-RR'));
Insert into SPRINTS (ID,SPRINT_NUMBER,START_DATE,END_DATE) values (2,2,to_date('07-04-25','DD-MM-RR'),to_date('28-04-25','DD-MM-RR'));
Insert into SPRINTS (ID,SPRINT_NUMBER,START_DATE,END_DATE) values (3,3,to_date('28-04-25','DD-MM-RR'),to_date('12-05-25','DD-MM-RR'));
Insert into SPRINTS (ID,SPRINT_NUMBER,START_DATE,END_DATE) values (4,4,to_date('12-05-25','DD-MM-RR'),to_date('26-05-25','DD-MM-RR'));
Insert into SPRINTS (ID,SPRINT_NUMBER,START_DATE,END_DATE) values (5,5,to_date('26-05-25','DD-MM-RR'),to_date('13-06-25','DD-MM-RR'));

Insert into TODOITEM (DESCRIPTION,CREATION_TS,DONE,START_DATE,END_DATE,PROGRESS,STATUS,TITLE,SPRINT_ID,IS_ACTIVE) values ('Crear, obtener y eliminar información relacionada con developers.',SYSTIMESTAMP,0,SYSTIMESTAMP,SYSTIMESTAMP,100,'Completed','Desarrollo de módulo de Developers',1,1);
Insert into TODOITEM (DESCRIPTION,CREATION_TS,DONE,START_DATE,END_DATE,PROGRESS,STATUS,TITLE,SPRINT_ID,IS_ACTIVE) values ('Permitir autenticación de developers mediante endpoint de login.',SYSTIMESTAMP,0,SYSTIMESTAMP,SYSTIMESTAMP,100,'Completed','Implementación de sistema de Login',2,1);
Insert into TODOITEM (DESCRIPTION,CREATION_TS,DONE,START_DATE,END_DATE,PROGRESS,STATUS,TITLE,SPRINT_ID,IS_ACTIVE) values ('Implementar endpoints para crear, consultar, actualizar y eliminar tareas (ToDoItems).',SYSTIMESTAMP,0,SYSTIMESTAMP,SYSTIMESTAMP,100,'Completed','Gestión de ToDoItems',1,1);
Insert into TODOITEM (DESCRIPTION,CREATION_TS,DONE,START_DATE,END_DATE,PROGRESS,STATUS,TITLE,SPRINT_ID,IS_ACTIVE) values ('Implementar lógica de roles (Developer vs Project Manager), protegiendo endpoints según permisos y mejorando la seguridad de acceso.',SYSTIMESTAMP,0,SYSTIMESTAMP,SYSTIMESTAMP,100,'Completed','Manejo de roles y autorización',2,1);
Insert into TODOITEM (DESCRIPTION,CREATION_TS,DONE,START_DATE,END_DATE,PROGRESS,STATUS,TITLE,SPRINT_ID,IS_ACTIVE) values ('Crear endpoints o visualizaciones que permitan ver el desempeño por sprint, developer, o tarea, incluyendo tiempo estimado vs real y tasas de completación.',SYSTIMESTAMP,0,SYSTIMESTAMP,SYSTIMESTAMP,100,'Completed','Generación de reportes y métricas',2,1);
Insert into TODOITEM (DESCRIPTION,CREATION_TS,DONE,START_DATE,END_DATE,PROGRESS,STATUS,TITLE,SPRINT_ID,IS_ACTIVE) values ('Realizar video de demo para Release Version 1',SYSTIMESTAMP,0,SYSTIMESTAMP,SYSTIMESTAMP,100,'Completed','Sprint 2 Video DEMO',2,1);
Insert into TODOITEM (DESCRIPTION,CREATION_TS,DONE,START_DATE,END_DATE,PROGRESS,STATUS,TITLE,SPRINT_ID,IS_ACTIVE) values ('Desarrollar endpoints para manejar subtareas vinculadas a tareas principales, incluyendo creación, actualización y consulta.',SYSTIMESTAMP,0,SYSTIMESTAMP,SYSTIMESTAMP,100,'Completed','Gestión de Subtasks',1,1);
Insert into TODOITEM (DESCRIPTION,CREATION_TS,DONE,START_DATE,END_DATE,PROGRESS,STATUS,TITLE,SPRINT_ID,IS_ACTIVE) values ('Ajustar vistas, estilos y experiencia de usuario del frontend, incluyendo modales, navegación entre vistas y estilos generales.',SYSTIMESTAMP,0,SYSTIMESTAMP,SYSTIMESTAMP,100,'Completed','Actualización del frontend y mejoras de diseño',2,1);
Insert into TODOITEM (DESCRIPTION,CREATION_TS,DONE,START_DATE,END_DATE,PROGRESS,STATUS,TITLE,SPRINT_ID,IS_ACTIVE) values ('Enviar notificaciones a los usuarios cuando se les asignan tareas, cambian de estado o se acercan fechas importantes.',SYSTIMESTAMP,0,SYSTIMESTAMP,null,0,'Not Started','Sistema de notificaciones y alertas',null,1);
Insert into TODOITEM (DESCRIPTION,CREATION_TS,DONE,START_DATE,END_DATE,PROGRESS,STATUS,TITLE,SPRINT_ID,IS_ACTIVE) values ('Crear documentación clara del backend, frontend y flujos de uso para facilitar mantenimiento, onboarding y presentación del proyecto.',SYSTIMESTAMP,0,SYSTIMESTAMP,null,33.33,'In Progress','Documentación técnica y de uso del sistema',5,1);
Insert into TODOITEM (DESCRIPTION,CREATION_TS,DONE,START_DATE,END_DATE,PROGRESS,STATUS,TITLE,SPRINT_ID,IS_ACTIVE) values ('Registrar, actualizar, obtener y eliminar sprints para organización de tareas.',SYSTIMESTAMP,0,SYSTIMESTAMP,SYSTIMESTAMP,100,'Completed','Establecimiento de sistema de Sprints',1,1);

Insert into SUBTASKS (ID,MAIN_TASK_ID,TITLE,COMPLETED,ASSIGNED_DEVELOPER_ID,IS_ACTIVE,ESTIMATED_HOURS,ACTUAL_HOURS) values (23,6,'Diseñar modal de edición de subtarea',1,5,1,1.5,1);
Insert into SUBTASKS (ID,MAIN_TASK_ID,TITLE,COMPLETED,ASSIGNED_DEVELOPER_ID,IS_ACTIVE,ESTIMATED_HOURS,ACTUAL_HOURS) values (24,6,'Implementar vista individual de tarea',1,5,1,2,3);
Insert into SUBTASKS (ID,MAIN_TASK_ID,TITLE,COMPLETED,ASSIGNED_DEVELOPER_ID,IS_ACTIVE,ESTIMATED_HOURS,ACTUAL_HOURS) values (40,10,'Describir flujos clave del bot de Telegram y su relación con los endpoints',0,6,1,1.5,1);
Insert into SUBTASKS (ID,MAIN_TASK_ID,TITLE,COMPLETED,ASSIGNED_DEVELOPER_ID,IS_ACTIVE,ESTIMATED_HOURS,ACTUAL_HOURS) values (1,1,'Crear nuevo developer (POST)',1,1,1,1,3);
Insert into SUBTASKS (ID,MAIN_TASK_ID,TITLE,COMPLETED,ASSIGNED_DEVELOPER_ID,IS_ACTIVE,ESTIMATED_HOURS,ACTUAL_HOURS) values (2,1,'Obtener todos los developers (GET)',1,1,1,0.5,1);
Insert into SUBTASKS (ID,MAIN_TASK_ID,TITLE,COMPLETED,ASSIGNED_DEVELOPER_ID,IS_ACTIVE,ESTIMATED_HOURS,ACTUAL_HOURS) values (10,3,'Obtener todos los sprints (GET)',1,1,1,0.5,1);
Insert into SUBTASKS (ID,MAIN_TASK_ID,TITLE,COMPLETED,ASSIGNED_DEVELOPER_ID,IS_ACTIVE,ESTIMATED_HOURS,ACTUAL_HOURS) values (11,3,'Actualizar sprint existente (PUT)',1,3,1,1,1);
Insert into SUBTASKS (ID,MAIN_TASK_ID,TITLE,COMPLETED,ASSIGNED_DEVELOPER_ID,IS_ACTIVE,ESTIMATED_HOURS,ACTUAL_HOURS) values (14,4,'Crear tarea (ToDoItem)',1,1,1,1,1);
Insert into SUBTASKS (ID,MAIN_TASK_ID,TITLE,COMPLETED,ASSIGNED_DEVELOPER_ID,IS_ACTIVE,ESTIMATED_HOURS,ACTUAL_HOURS) values (16,4,'Obtener tarea por ID',1,2,1,0.5,1);
Insert into SUBTASKS (ID,MAIN_TASK_ID,TITLE,COMPLETED,ASSIGNED_DEVELOPER_ID,IS_ACTIVE,ESTIMATED_HOURS,ACTUAL_HOURS) values (17,4,'Actualizar estado de la tarea',1,3,1,1,1);
Insert into SUBTASKS (ID,MAIN_TASK_ID,TITLE,COMPLETED,ASSIGNED_DEVELOPER_ID,IS_ACTIVE,ESTIMATED_HOURS,ACTUAL_HOURS) values (18,4,'Eliminar tarea (borrado lógico)',1,4,1,1,1.5);
Insert into SUBTASKS (ID,MAIN_TASK_ID,TITLE,COMPLETED,ASSIGNED_DEVELOPER_ID,IS_ACTIVE,ESTIMATED_HOURS,ACTUAL_HOURS) values (19,5,'Crear subtarea con horas estimadas',1,1,1,1,1.5);
Insert into SUBTASKS (ID,MAIN_TASK_ID,TITLE,COMPLETED,ASSIGNED_DEVELOPER_ID,IS_ACTIVE,ESTIMATED_HOURS,ACTUAL_HOURS) values (20,5,'Obtener subtareas de una tarea',1,2,1,0.5,0.5);
Insert into SUBTASKS (ID,MAIN_TASK_ID,TITLE,COMPLETED,ASSIGNED_DEVELOPER_ID,IS_ACTIVE,ESTIMATED_HOURS,ACTUAL_HOURS) values (21,5,'Actualizar subtarea (sin marcar como completada)',1,3,1,1,1);
Insert into SUBTASKS (ID,MAIN_TASK_ID,TITLE,COMPLETED,ASSIGNED_DEVELOPER_ID,IS_ACTIVE,ESTIMATED_HOURS,ACTUAL_HOURS) values (22,5,'Eliminar subtarea (borrado lógico)',1,4,1,1,1);
Insert into SUBTASKS (ID,MAIN_TASK_ID,TITLE,COMPLETED,ASSIGNED_DEVELOPER_ID,IS_ACTIVE,ESTIMATED_HOURS,ACTUAL_HOURS) values (51,6,'Implementar vista individual de sprint',1,4,1,1,1.5);
Insert into SUBTASKS (ID,MAIN_TASK_ID,TITLE,COMPLETED,ASSIGNED_DEVELOPER_ID,IS_ACTIVE,ESTIMATED_HOURS,ACTUAL_HOURS) values (6,2,'Crear endpoint de login con validación SHA-256',1,6,1,2,2);
Insert into SUBTASKS (ID,MAIN_TASK_ID,TITLE,COMPLETED,ASSIGNED_DEVELOPER_ID,IS_ACTIVE,ESTIMATED_HOURS,ACTUAL_HOURS) values (15,4,'Obtener todas las tareas',1,1,1,0.5,1);
Insert into SUBTASKS (ID,MAIN_TASK_ID,TITLE,COMPLETED,ASSIGNED_DEVELOPER_ID,IS_ACTIVE,ESTIMATED_HOURS,ACTUAL_HOURS) values (25,6,'Aplicar mejoras visuales con Tailwind',1,5,1,1,1);
Insert into SUBTASKS (ID,MAIN_TASK_ID,TITLE,COMPLETED,ASSIGNED_DEVELOPER_ID,IS_ACTIVE,ESTIMATED_HOURS,ACTUAL_HOURS) values (39,10,'Crear README general con explicación del sistema, instalación y ejecución',0,5,1,1.5,null);
Insert into SUBTASKS (ID,MAIN_TASK_ID,TITLE,COMPLETED,ASSIGNED_DEVELOPER_ID,IS_ACTIVE,ESTIMATED_HOURS,ACTUAL_HOURS) values (52,11,'Editar Video',1,1,1,1,1);
Insert into SUBTASKS (ID,MAIN_TASK_ID,TITLE,COMPLETED,ASSIGNED_DEVELOPER_ID,IS_ACTIVE,ESTIMATED_HOURS,ACTUAL_HOURS) values (53,11,'Hacer grabaciones de Front, Telegram y Base de Datos.',1,4,1,1.5,2);
Insert into SUBTASKS (ID,MAIN_TASK_ID,TITLE,COMPLETED,ASSIGNED_DEVELOPER_ID,IS_ACTIVE,ESTIMATED_HOURS,ACTUAL_HOURS) values (3,1,'Buscar developer por ID (GET)',1,2,1,0.5,1);
Insert into SUBTASKS (ID,MAIN_TASK_ID,TITLE,COMPLETED,ASSIGNED_DEVELOPER_ID,IS_ACTIVE,ESTIMATED_HOURS,ACTUAL_HOURS) values (4,1,'Actualizar developer existente (PUT)',1,3,1,1,1);
Insert into SUBTASKS (ID,MAIN_TASK_ID,TITLE,COMPLETED,ASSIGNED_DEVELOPER_ID,IS_ACTIVE,ESTIMATED_HOURS,ACTUAL_HOURS) values (5,1,'Eliminar developer (DELETE)',1,4,1,1,1);
Insert into SUBTASKS (ID,MAIN_TASK_ID,TITLE,COMPLETED,ASSIGNED_DEVELOPER_ID,IS_ACTIVE,ESTIMATED_HOURS,ACTUAL_HOURS) values (7,2,'Verificar credenciales desde base de datos',1,6,1,1.5,2);
Insert into SUBTASKS (ID,MAIN_TASK_ID,TITLE,COMPLETED,ASSIGNED_DEVELOPER_ID,IS_ACTIVE,ESTIMATED_HOURS,ACTUAL_HOURS) values (8,2,'Validar respuestas correctas y errores (status codes)',1,2,1,1,3);
Insert into SUBTASKS (ID,MAIN_TASK_ID,TITLE,COMPLETED,ASSIGNED_DEVELOPER_ID,IS_ACTIVE,ESTIMATED_HOURS,ACTUAL_HOURS) values (9,3,'Crear nuevo sprint (POST)',1,1,1,1,1);
Insert into SUBTASKS (ID,MAIN_TASK_ID,TITLE,COMPLETED,ASSIGNED_DEVELOPER_ID,IS_ACTIVE,ESTIMATED_HOURS,ACTUAL_HOURS) values (12,3,'Eliminar sprint (DELETE)',1,4,1,1,1);
Insert into SUBTASKS (ID,MAIN_TASK_ID,TITLE,COMPLETED,ASSIGNED_DEVELOPER_ID,IS_ACTIVE,ESTIMATED_HOURS,ACTUAL_HOURS) values (13,3,'Filtrar tareas por sprint (GET por ID)',1,2,1,0.5,2);
Insert into SUBTASKS (ID,MAIN_TASK_ID,TITLE,COMPLETED,ASSIGNED_DEVELOPER_ID,IS_ACTIVE,ESTIMATED_HOURS,ACTUAL_HOURS) values (26,7,'Definir modelo de datos para roles de usuario',1,6,1,1,2);
Insert into SUBTASKS (ID,MAIN_TASK_ID,TITLE,COMPLETED,ASSIGNED_DEVELOPER_ID,IS_ACTIVE,ESTIMATED_HOURS,ACTUAL_HOURS) values (27,7,'Implementar verificación de permisos en endpoints',1,6,1,1.5,2);
Insert into SUBTASKS (ID,MAIN_TASK_ID,TITLE,COMPLETED,ASSIGNED_DEVELOPER_ID,IS_ACTIVE,ESTIMATED_HOURS,ACTUAL_HOURS) values (28,7,'Restringir acceso a funciones según rol (middleware)',1,3,1,1.5,1);
Insert into SUBTASKS (ID,MAIN_TASK_ID,TITLE,COMPLETED,ASSIGNED_DEVELOPER_ID,IS_ACTIVE,ESTIMATED_HOURS,ACTUAL_HOURS) values (29,7,'Agregar pruebas para rutas restringidas',1,2,1,1,1);
Insert into SUBTASKS (ID,MAIN_TASK_ID,TITLE,COMPLETED,ASSIGNED_DEVELOPER_ID,IS_ACTIVE,ESTIMATED_HOURS,ACTUAL_HOURS) values (30,8,'Obtener tiempo estimado vs real por developer',1,2,1,1.5,1);
Insert into SUBTASKS (ID,MAIN_TASK_ID,TITLE,COMPLETED,ASSIGNED_DEVELOPER_ID,IS_ACTIVE,ESTIMATED_HOURS,ACTUAL_HOURS) values (31,8,'Mostrar avance de tareas por sprint',1,1,1,1.5,2);
Insert into SUBTASKS (ID,MAIN_TASK_ID,TITLE,COMPLETED,ASSIGNED_DEVELOPER_ID,IS_ACTIVE,ESTIMATED_HOURS,ACTUAL_HOURS) values (32,8,'Crear visualización para métricas de desempeño',1,5,1,2,3);
Insert into SUBTASKS (ID,MAIN_TASK_ID,TITLE,COMPLETED,ASSIGNED_DEVELOPER_ID,IS_ACTIVE,ESTIMATED_HOURS,ACTUAL_HOURS) values (33,8,'Filtrar métricas por fechas o sprint específico',1,4,1,1,2);
Insert into SUBTASKS (ID,MAIN_TASK_ID,TITLE,COMPLETED,ASSIGNED_DEVELOPER_ID,IS_ACTIVE,ESTIMATED_HOURS,ACTUAL_HOURS) values (34,9,'Diseñar estructura de notificación (modelo y tabla)',0,1,1,1,null);
Insert into SUBTASKS (ID,MAIN_TASK_ID,TITLE,COMPLETED,ASSIGNED_DEVELOPER_ID,IS_ACTIVE,ESTIMATED_HOURS,ACTUAL_HOURS) values (35,9,'Enviar alerta al asignar tarea a developer',0,4,1,1.5,4);
Insert into SUBTASKS (ID,MAIN_TASK_ID,TITLE,COMPLETED,ASSIGNED_DEVELOPER_ID,IS_ACTIVE,ESTIMATED_HOURS,ACTUAL_HOURS) values (36,9,'Notificar cambios de estado de subtareas',0,4,1,1.5,null);
Insert into SUBTASKS (ID,MAIN_TASK_ID,TITLE,COMPLETED,ASSIGNED_DEVELOPER_ID,IS_ACTIVE,ESTIMATED_HOURS,ACTUAL_HOURS) values (37,9,'Conectar notificaciones al bot de Telegram',0,6,1,2,null);
Insert into SUBTASKS (ID,MAIN_TASK_ID,TITLE,COMPLETED,ASSIGNED_DEVELOPER_ID,IS_ACTIVE,ESTIMATED_HOURS,ACTUAL_HOURS) values (38,10,'Documentar endpoints del backend con ejemplos de request y response',1,2,1,2,2);

-- --------------------------------------------------------
-- --  DDL for Index DBTOOLS$EXECUTION_HISTORY_PK
-- --------------------------------------------------------

--   CREATE UNIQUE INDEX "DBTOOLS$EXECUTION_HISTORY_PK" ON "DBTOOLS$EXECUTION_HISTORY" ("ID") 
--   PCTFREE 10 INITRANS 20 MAXTRANS 255 COMPUTE STATISTICS 
--   STORAGE(INITIAL 65536 NEXT 1048576 MINEXTENTS 1 MAXEXTENTS 2147483645
--   PCTINCREASE 0 FREELISTS 1 FREELIST GROUPS 1
--   BUFFER_POOL DEFAULT FLASH_CACHE DEFAULT CELL_FLASH_CACHE DEFAULT)
--   ;
-- --------------------------------------------------------
-- --  DDL for Index PK_DSS
-- --------------------------------------------------------

--   CREATE UNIQUE INDEX "PK_DSS" ON "DEVELOPER_SPRINT_STATS" ("DEVELOPER_ID", "SPRINT_ID") 
--   PCTFREE 10 INITRANS 20 MAXTRANS 255 COMPUTE STATISTICS 
--   STORAGE(INITIAL 65536 NEXT 1048576 MINEXTENTS 1 MAXEXTENTS 2147483645
--   PCTINCREASE 0 FREELISTS 1 FREELIST GROUPS 1
--   BUFFER_POOL DEFAULT FLASH_CACHE DEFAULT CELL_FLASH_CACHE DEFAULT)
--   ;
-- --------------------------------------------------------
-- --  DDL for Index SYS_C0045045
-- --------------------------------------------------------

--   CREATE UNIQUE INDEX "SYS_C0045045" ON "DEVELOPER_STATS" ("DEVELOPER_ID") 
--   PCTFREE 10 INITRANS 20 MAXTRANS 255 COMPUTE STATISTICS 
--   STORAGE(INITIAL 65536 NEXT 1048576 MINEXTENTS 1 MAXEXTENTS 2147483645
--   PCTINCREASE 0 FREELISTS 1 FREELIST GROUPS 1
--   BUFFER_POOL DEFAULT FLASH_CACHE DEFAULT CELL_FLASH_CACHE DEFAULT)
--   ;
-- --------------------------------------------------------
-- --  DDL for Index PK_DEVELOPERS
-- --------------------------------------------------------

--   CREATE UNIQUE INDEX "PK_DEVELOPERS" ON "DEVELOPERS" ("ID") 
--   PCTFREE 10 INITRANS 20 MAXTRANS 255 COMPUTE STATISTICS 
--   STORAGE(INITIAL 65536 NEXT 1048576 MINEXTENTS 1 MAXEXTENTS 2147483645
--   PCTINCREASE 0 FREELISTS 1 FREELIST GROUPS 1
--   BUFFER_POOL DEFAULT FLASH_CACHE DEFAULT CELL_FLASH_CACHE DEFAULT)
--   ;
-- --------------------------------------------------------
-- --  DDL for Index UQ_DEVELOPERS_EMAIL
-- --------------------------------------------------------

--   CREATE UNIQUE INDEX "UQ_DEVELOPERS_EMAIL" ON "DEVELOPERS" ("EMAIL") 
--   PCTFREE 10 INITRANS 20 MAXTRANS 255 COMPUTE STATISTICS 
--   STORAGE(INITIAL 65536 NEXT 1048576 MINEXTENTS 1 MAXEXTENTS 2147483645
--   PCTINCREASE 0 FREELISTS 1 FREELIST GROUPS 1
--   BUFFER_POOL DEFAULT FLASH_CACHE DEFAULT CELL_FLASH_CACHE DEFAULT)
--   ;
-- --------------------------------------------------------
-- --  DDL for Index SYS_C0045063
-- --------------------------------------------------------

--   CREATE UNIQUE INDEX "SYS_C0045063" ON "SPRINT_STATS" ("SPRINT_ID") 
--   PCTFREE 10 INITRANS 20 MAXTRANS 255 COMPUTE STATISTICS 
--   STORAGE(INITIAL 65536 NEXT 1048576 MINEXTENTS 1 MAXEXTENTS 2147483645
--   PCTINCREASE 0 FREELISTS 1 FREELIST GROUPS 1
--   BUFFER_POOL DEFAULT FLASH_CACHE DEFAULT CELL_FLASH_CACHE DEFAULT)
--   ;
-- --------------------------------------------------------
-- --  DDL for Index PK_SPRINTS
-- --------------------------------------------------------

--   CREATE UNIQUE INDEX "PK_SPRINTS" ON "SPRINTS" ("ID") 
--   PCTFREE 10 INITRANS 20 MAXTRANS 255 COMPUTE STATISTICS 
--   STORAGE(INITIAL 65536 NEXT 1048576 MINEXTENTS 1 MAXEXTENTS 2147483645
--   PCTINCREASE 0 FREELISTS 1 FREELIST GROUPS 1
--   BUFFER_POOL DEFAULT FLASH_CACHE DEFAULT CELL_FLASH_CACHE DEFAULT)
--   ;
-- --------------------------------------------------------
-- --  DDL for Index PK_SUBTASKS
-- --------------------------------------------------------

--   CREATE UNIQUE INDEX "PK_SUBTASKS" ON "SUBTASKS" ("ID") 
--   PCTFREE 10 INITRANS 20 MAXTRANS 255 COMPUTE STATISTICS 
--   STORAGE(INITIAL 65536 NEXT 1048576 MINEXTENTS 1 MAXEXTENTS 2147483645
--   PCTINCREASE 0 FREELISTS 1 FREELIST GROUPS 1
--   BUFFER_POOL DEFAULT FLASH_CACHE DEFAULT CELL_FLASH_CACHE DEFAULT)
--   ;
-- --------------------------------------------------------
-- --  DDL for Index PK_TODOITEM
-- --------------------------------------------------------

--   CREATE UNIQUE INDEX "PK_TODOITEM" ON "TODOITEM" ("ID") 
--   PCTFREE 10 INITRANS 20 MAXTRANS 255 COMPUTE STATISTICS 
--   STORAGE(INITIAL 65536 NEXT 1048576 MINEXTENTS 1 MAXEXTENTS 2147483645
--   PCTINCREASE 0 FREELISTS 1 FREELIST GROUPS 1
--   BUFFER_POOL DEFAULT FLASH_CACHE DEFAULT CELL_FLASH_CACHE DEFAULT)
--   ;
--------------------------------------------------------
--  Constraints for Table DBTOOLS$EXECUTION_HISTORY
--------------------------------------------------------

  ALTER TABLE "DBTOOLS$EXECUTION_HISTORY" MODIFY ("ID" NOT NULL ENABLE);
  ALTER TABLE "DBTOOLS$EXECUTION_HISTORY" ADD CONSTRAINT "DBTOOLS$EXECUTION_HISTORY_PK" PRIMARY KEY ("ID")
  USING INDEX PCTFREE 10 INITRANS 20 MAXTRANS 255 COMPUTE STATISTICS 
  STORAGE(INITIAL 65536 NEXT 1048576 MINEXTENTS 1 MAXEXTENTS 2147483645
  PCTINCREASE 0 FREELISTS 1 FREELIST GROUPS 1
  BUFFER_POOL DEFAULT FLASH_CACHE DEFAULT CELL_FLASH_CACHE DEFAULT)
   ENABLE;
--------------------------------------------------------
--  Constraints for Table DEVELOPER_SPRINT_STATS
--------------------------------------------------------

  ALTER TABLE "DEVELOPER_SPRINT_STATS" MODIFY ("DEVELOPER_ID" NOT NULL ENABLE);
  ALTER TABLE "DEVELOPER_SPRINT_STATS" MODIFY ("SPRINT_ID" NOT NULL ENABLE);
  ALTER TABLE "DEVELOPER_SPRINT_STATS" MODIFY ("TOTAL_ASSIGNED_COUNT" NOT NULL ENABLE);
  ALTER TABLE "DEVELOPER_SPRINT_STATS" MODIFY ("TOTAL_COMPLETED_COUNT" NOT NULL ENABLE);
  ALTER TABLE "DEVELOPER_SPRINT_STATS" MODIFY ("SUM_ESTIMATED_HOURS" NOT NULL ENABLE);
  ALTER TABLE "DEVELOPER_SPRINT_STATS" MODIFY ("SUM_ACTUAL_HOURS" NOT NULL ENABLE);
  ALTER TABLE "DEVELOPER_SPRINT_STATS" MODIFY ("LAST_UPDATED_TS" NOT NULL ENABLE);
  ALTER TABLE "DEVELOPER_SPRINT_STATS" ADD CONSTRAINT "PK_DSS" PRIMARY KEY ("DEVELOPER_ID", "SPRINT_ID")
  USING INDEX PCTFREE 10 INITRANS 20 MAXTRANS 255 COMPUTE STATISTICS 
  STORAGE(INITIAL 65536 NEXT 1048576 MINEXTENTS 1 MAXEXTENTS 2147483645
  PCTINCREASE 0 FREELISTS 1 FREELIST GROUPS 1
  BUFFER_POOL DEFAULT FLASH_CACHE DEFAULT CELL_FLASH_CACHE DEFAULT)
   ENABLE;
--------------------------------------------------------
--  Constraints for Table DEVELOPER_STATS
--------------------------------------------------------

  ALTER TABLE "DEVELOPER_STATS" MODIFY ("TOTAL_ASSIGNED_COUNT" NOT NULL ENABLE);
  ALTER TABLE "DEVELOPER_STATS" MODIFY ("TOTAL_COMPLETED_COUNT" NOT NULL ENABLE);
  ALTER TABLE "DEVELOPER_STATS" MODIFY ("SUM_ESTIMATED_HOURS" NOT NULL ENABLE);
  ALTER TABLE "DEVELOPER_STATS" MODIFY ("SUM_ACTUAL_HOURS" NOT NULL ENABLE);
  ALTER TABLE "DEVELOPER_STATS" ADD PRIMARY KEY ("DEVELOPER_ID")
  USING INDEX PCTFREE 10 INITRANS 20 MAXTRANS 255 COMPUTE STATISTICS 
  STORAGE(INITIAL 65536 NEXT 1048576 MINEXTENTS 1 MAXEXTENTS 2147483645
  PCTINCREASE 0 FREELISTS 1 FREELIST GROUPS 1
  BUFFER_POOL DEFAULT FLASH_CACHE DEFAULT CELL_FLASH_CACHE DEFAULT)
   ENABLE;
  ALTER TABLE "DEVELOPER_STATS" MODIFY ("LAST_UPDATED_TS" NOT NULL ENABLE);
--------------------------------------------------------
--  Constraints for Table DEVELOPERS
--------------------------------------------------------

  ALTER TABLE "DEVELOPERS" MODIFY ("NAME" NOT NULL ENABLE);
  ALTER TABLE "DEVELOPERS" ADD CONSTRAINT "CK_DEVELOPERS_ROLE" CHECK (ROLE IN ('developer', 'projectmanager')) ENABLE;
  -- ALTER TABLE "DEVELOPERS" ADD CONSTRAINT "PK_DEVELOPERS" PRIMARY KEY ("ID")
  -- USING INDEX PCTFREE 10 INITRANS 20 MAXTRANS 255 COMPUTE STATISTICS 
  -- STORAGE(INITIAL 65536 NEXT 1048576 MINEXTENTS 1 MAXEXTENTS 2147483645
  -- PCTINCREASE 0 FREELISTS 1 FREELIST GROUPS 1
  -- BUFFER_POOL DEFAULT FLASH_CACHE DEFAULT CELL_FLASH_CACHE DEFAULT)
  --  ENABLE;
  ALTER TABLE "DEVELOPERS" ADD CONSTRAINT "UQ_DEVELOPERS_EMAIL" UNIQUE ("EMAIL")
  USING INDEX PCTFREE 10 INITRANS 20 MAXTRANS 255 COMPUTE STATISTICS 
  STORAGE(INITIAL 65536 NEXT 1048576 MINEXTENTS 1 MAXEXTENTS 2147483645
  PCTINCREASE 0 FREELISTS 1 FREELIST GROUPS 1
  BUFFER_POOL DEFAULT FLASH_CACHE DEFAULT CELL_FLASH_CACHE DEFAULT)
   ENABLE;
--------------------------------------------------------
--  Constraints for Table SPRINT_STATS
--------------------------------------------------------

  ALTER TABLE "SPRINT_STATS" MODIFY ("TOTAL_SUBTASKS" NOT NULL ENABLE);
  ALTER TABLE "SPRINT_STATS" MODIFY ("TOTAL_COMPLETED" NOT NULL ENABLE);
  ALTER TABLE "SPRINT_STATS" MODIFY ("SUM_ESTIMATED_HOURS" NOT NULL ENABLE);
  ALTER TABLE "SPRINT_STATS" MODIFY ("SUM_ACTUAL_HOURS" NOT NULL ENABLE);
  ALTER TABLE "SPRINT_STATS" MODIFY ("LAST_UPDATED_TS" NOT NULL ENABLE);
  -- ALTER TABLE "SPRINT_STATS" ADD PRIMARY KEY ("SPRINT_ID")
  -- USING INDEX PCTFREE 10 INITRANS 20 MAXTRANS 255 COMPUTE STATISTICS 
  -- STORAGE(INITIAL 65536 NEXT 1048576 MINEXTENTS 1 MAXEXTENTS 2147483645
  -- PCTINCREASE 0 FREELISTS 1 FREELIST GROUPS 1
  -- BUFFER_POOL DEFAULT FLASH_CACHE DEFAULT CELL_FLASH_CACHE DEFAULT)
  --  ENABLE;
--------------------------------------------------------
--  Constraints for Table SPRINTS
--------------------------------------------------------

  ALTER TABLE "SPRINTS" MODIFY ("SPRINT_NUMBER" NOT NULL ENABLE);
  ALTER TABLE "SPRINTS" MODIFY ("START_DATE" NOT NULL ENABLE);
  ALTER TABLE "SPRINTS" MODIFY ("END_DATE" NOT NULL ENABLE);
  ALTER TABLE "SPRINTS" ADD CONSTRAINT "CHK_SPRINT_DATES" CHECK (END_DATE > START_DATE) ENABLE;
  -- ALTER TABLE "SPRINTS" ADD CONSTRAINT "PK_SPRINTS" PRIMARY KEY ("ID")
  -- USING INDEX PCTFREE 10 INITRANS 20 MAXTRANS 255 COMPUTE STATISTICS 
  -- STORAGE(INITIAL 65536 NEXT 1048576 MINEXTENTS 1 MAXEXTENTS 2147483645
  -- PCTINCREASE 0 FREELISTS 1 FREELIST GROUPS 1
  -- BUFFER_POOL DEFAULT FLASH_CACHE DEFAULT CELL_FLASH_CACHE DEFAULT)
  --  ENABLE;
--------------------------------------------------------
--  Constraints for Table SUBTASKS
--------------------------------------------------------

  ALTER TABLE "SUBTASKS" MODIFY ("MAIN_TASK_ID" NOT NULL ENABLE);
  ALTER TABLE "SUBTASKS" MODIFY ("TITLE" NOT NULL ENABLE);
  ALTER TABLE "SUBTASKS" ADD CONSTRAINT "CK_SUBTASKS_COMPLETED" CHECK (COMPLETED IN (0,1)) ENABLE;
  ALTER TABLE "SUBTASKS" ADD CONSTRAINT "CK_SUBTASKS_IS_ACTIVE" CHECK (IS_ACTIVE IN (0,1)) ENABLE;
  ALTER TABLE "SUBTASKS" ADD CONSTRAINT "CK_SUBTASKS_ESTIMATED_HOURS" CHECK (ESTIMATED_HOURS BETWEEN 0 AND 4) ENABLE;
  -- ALTER TABLE "SUBTASKS" ADD CONSTRAINT "PK_SUBTASKS" PRIMARY KEY ("ID")
  -- USING INDEX PCTFREE 10 INITRANS 20 MAXTRANS 255 COMPUTE STATISTICS 
  -- STORAGE(INITIAL 65536 NEXT 1048576 MINEXTENTS 1 MAXEXTENTS 2147483645
  -- PCTINCREASE 0 FREELISTS 1 FREELIST GROUPS 1
  -- BUFFER_POOL DEFAULT FLASH_CACHE DEFAULT CELL_FLASH_CACHE DEFAULT)
  --  ENABLE;
--------------------------------------------------------
--  Constraints for Table TODOITEM
--------------------------------------------------------

  ALTER TABLE "TODOITEM" MODIFY ("STATUS" NOT NULL ENABLE);
  ALTER TABLE "TODOITEM" MODIFY ("TITLE" NOT NULL ENABLE);
  ALTER TABLE "TODOITEM" ADD CONSTRAINT "CK_TODOITEM_DONE" CHECK (DONE IN (0,1)) ENABLE;
  ALTER TABLE "TODOITEM" ADD CONSTRAINT "CK_TODOITEM_STATUS" CHECK (STATUS IN ('Not Started', 'In Progress', 'Completed', 'Cancelled', 'Incomplete')) ENABLE;
  ALTER TABLE "TODOITEM" ADD CONSTRAINT "CK_TODOITEM_PROGRESS" CHECK (PROGRESS BETWEEN 0 AND 999.99) ENABLE;
  ALTER TABLE "TODOITEM" ADD CONSTRAINT "CK_TODOITEM_IS_ACTIVE" CHECK (IS_ACTIVE IN (0,1)) ENABLE;
  -- ALTER TABLE "TODOITEM" ADD CONSTRAINT "PK_TODOITEM" PRIMARY KEY ("ID")
  -- USING INDEX PCTFREE 10 INITRANS 20 MAXTRANS 255 COMPUTE STATISTICS 
  -- STORAGE(INITIAL 65536 NEXT 1048576 MINEXTENTS 1 MAXEXTENTS 2147483645
  -- PCTINCREASE 0 FREELISTS 1 FREELIST GROUPS 1
  -- BUFFER_POOL DEFAULT FLASH_CACHE DEFAULT CELL_FLASH_CACHE DEFAULT)
  --  ENABLE;
--------------------------------------------------------
--  Ref Constraints for Table DEVELOPER_SPRINT_STATS
--------------------------------------------------------

  ALTER TABLE "DEVELOPER_SPRINT_STATS" ADD CONSTRAINT "FK_DSS_DEV" FOREIGN KEY ("DEVELOPER_ID")
	  REFERENCES "DEVELOPERS" ("ID") ON DELETE CASCADE ENABLE;
  ALTER TABLE "DEVELOPER_SPRINT_STATS" ADD CONSTRAINT "FK_DSS_SPRINT" FOREIGN KEY ("SPRINT_ID")
	  REFERENCES "SPRINTS" ("ID") ON DELETE CASCADE ENABLE;
--------------------------------------------------------
--  Ref Constraints for Table DEVELOPER_STATS
--------------------------------------------------------

  ALTER TABLE "DEVELOPER_STATS" ADD CONSTRAINT "FK_DEV_STATS_DEV" FOREIGN KEY ("DEVELOPER_ID")
	  REFERENCES "DEVELOPERS" ("ID") ON DELETE CASCADE ENABLE;
--------------------------------------------------------
--  Ref Constraints for Table SPRINT_STATS
--------------------------------------------------------

  ALTER TABLE "SPRINT_STATS" ADD CONSTRAINT "FK_STATS_SPRINT" FOREIGN KEY ("SPRINT_ID")
	  REFERENCES "SPRINTS" ("ID") ON DELETE CASCADE ENABLE;
--------------------------------------------------------
--  Ref Constraints for Table TODOITEM
--------------------------------------------------------

ALTER TABLE "TODOITEM" ADD CONSTRAINT "FK_TODOITEM_SPRINT" FOREIGN KEY ("SPRINT_ID")
    REFERENCES "SPRINTS" ("ID") ON DELETE SET NULL ENABLE;
--------------------------------------------------------
--  Ref Constraints for Table SUBTASKS
--------------------------------------------------------

  -- ALTER TABLE "SUBTASKS" ADD CONSTRAINT "FK_SUBTASKS_MAIN_TASK" FOREIGN KEY ("MAIN_TASK_ID")
	--   REFERENCES "TODOITEM" ("ID") ON DELETE CASCADE ENABLE;
  ALTER TABLE "SUBTASKS" ADD CONSTRAINT "FK_SUBTASKS_ASSIGNED_DEV" FOREIGN KEY ("ASSIGNED_DEVELOPER_ID")
	  REFERENCES "DEVELOPERS" ("ID") ON DELETE SET NULL ENABLE;

-- --------------------------------------------------------
-- --  DDL for Trigger TRG_NEW_DEV_DSS
-- --------------------------------------------------------

--   CREATE OR REPLACE EDITIONABLE TRIGGER "TRG_NEW_DEV_DSS" 
-- AFTER INSERT ON DEVELOPERS
-- FOR EACH ROW
-- DECLARE
--   v_sprint_id NUMBER;
-- BEGIN
--   FOR rec IN (SELECT ID AS sprint_id FROM SPRINTS) LOOP
--     INSERT INTO DEVELOPER_SPRINT_STATS (
--       DEVELOPER_ID,
--       SPRINT_ID,
--       TOTAL_ASSIGNED_COUNT,
--       TOTAL_COMPLETED_COUNT,
--       SUM_ESTIMATED_HOURS,
--       SUM_ACTUAL_HOURS,
--       LAST_UPDATED_TS
--     ) VALUES (
--       :NEW.ID,
--       rec.sprint_id,
--       0,
--       0,
--       0,
--       0,
--       CURRENT_TIMESTAMP
--     );
--   END LOOP;
-- END;

-- /
-- ALTER TRIGGER "TRG_NEW_DEV_DSS" ENABLE;
-- --------------------------------------------------------
-- --  DDL for Trigger TRG_NEW_DEVELOPER_STATS
-- --------------------------------------------------------

--   CREATE OR REPLACE EDITIONABLE TRIGGER "TRG_NEW_DEVELOPER_STATS" 
-- AFTER INSERT ON DEVELOPERS
-- FOR EACH ROW
-- BEGIN
--   INSERT INTO DEVELOPER_STATS (
--     DEVELOPER_ID,
--     TOTAL_ASSIGNED_COUNT,
--     TOTAL_COMPLETED_COUNT,
--     SUM_ESTIMATED_HOURS,
--     SUM_ACTUAL_HOURS
--   ) VALUES (
--     :NEW.ID,
--     0,
--     0,
--     0,
--     0
--   );
-- END;

-- /
-- ALTER TRIGGER "TRG_NEW_DEVELOPER_STATS" ENABLE;
-- --------------------------------------------------------
-- --  DDL for Trigger TRG_NEW_SPRINT_DSS
-- --------------------------------------------------------

--   CREATE OR REPLACE EDITIONABLE TRIGGER "TRG_NEW_SPRINT_DSS" 
-- AFTER INSERT ON SPRINTS
-- FOR EACH ROW
-- DECLARE
--   v_dev_id NUMBER;
-- BEGIN
--   FOR rec IN (SELECT ID AS dev_id FROM DEVELOPERS) LOOP
--     INSERT INTO DEVELOPER_SPRINT_STATS (
--       DEVELOPER_ID,
--       SPRINT_ID,
--       TOTAL_ASSIGNED_COUNT,
--       TOTAL_COMPLETED_COUNT,
--       SUM_ESTIMATED_HOURS,
--       SUM_ACTUAL_HOURS,
--       LAST_UPDATED_TS
--     ) VALUES (
--       rec.dev_id,
--       :NEW.ID,
--       0,
--       0,
--       0,
--       0,
--       CURRENT_TIMESTAMP
--     );
--   END LOOP;
-- END;

-- /
-- ALTER TRIGGER "TRG_NEW_SPRINT_DSS" ENABLE;
-- --------------------------------------------------------
-- --  DDL for Trigger TRG_NEW_SPRINT_STATS
-- --------------------------------------------------------

--   CREATE OR REPLACE EDITIONABLE TRIGGER "TRG_NEW_SPRINT_STATS" 
-- AFTER INSERT ON SPRINTS
-- FOR EACH ROW
-- BEGIN
--   INSERT INTO SPRINT_STATS (
--     SPRINT_ID,
--     TOTAL_SUBTASKS,
--     TOTAL_COMPLETED,
--     SUM_ESTIMATED_HOURS,
--     SUM_ACTUAL_HOURS,
--     LAST_UPDATED_TS
--   ) VALUES (
--     :NEW.ID,
--     0,
--     0,
--     0,
--     0,
--     CURRENT_TIMESTAMP
--   );
-- END;

-- /
-- ALTER TRIGGER "TRG_NEW_SPRINT_STATS" ENABLE;
-- --------------------------------------------------------
-- --  DDL for Trigger TRG_DSS_STMT
-- --------------------------------------------------------

--   CREATE OR REPLACE EDITIONABLE TRIGGER "TRG_DSS_STMT" 
-- AFTER INSERT OR DELETE
--    OR UPDATE OF COMPLETED, ASSIGNED_DEVELOPER_ID, MAIN_TASK_ID
-- ON SUBTASKS
-- DECLARE
--   v_dev    NUMBER;
--   v_sprint NUMBER;
--   v_ass    NUMBER;
--   v_com    NUMBER;
--   v_est    NUMBER(10,2);
--   v_act    NUMBER(10,2);
-- BEGIN
--   FOR i IN 1 .. dev_sprint_stats_pkg.recs.COUNT LOOP
--     v_dev    := dev_sprint_stats_pkg.recs(i).dev_id;
--     v_sprint := dev_sprint_stats_pkg.recs(i).sprint_id;

--     -- Calcular métricas de subtareas para este par
--     SELECT 
--       COUNT(*),
--       SUM(CASE WHEN COMPLETED = 1 THEN 1 ELSE 0 END),
--       NVL(SUM(CASE WHEN COMPLETED = 1 THEN ESTIMATED_HOURS ELSE 0 END),0),
--       NVL(SUM(CASE WHEN COMPLETED = 1 THEN ACTUAL_HOURS    ELSE 0 END),0)
--     INTO v_ass, v_com, v_est, v_act
--     FROM SUBTASKS s
--     JOIN TODOITEM  t ON t.ID = s.MAIN_TASK_ID
--     WHERE s.ASSIGNED_DEVELOPER_ID = v_dev
--       AND t.SPRINT_ID            = v_sprint;

--     -- Actualizar la fila en la tabla de stats
--     UPDATE DEVELOPER_SPRINT_STATS
--     SET 
--       TOTAL_ASSIGNED_COUNT  = v_ass,
--       TOTAL_COMPLETED_COUNT = v_com,
--       SUM_ESTIMATED_HOURS   = v_est,
--       SUM_ACTUAL_HOURS      = v_act,
--       LAST_UPDATED_TS       = CURRENT_TIMESTAMP
--     WHERE DEVELOPER_ID = v_dev
--       AND SPRINT_ID    = v_sprint;
--   END LOOP;

--   -- limpiar para la siguiente transacción
--   dev_sprint_stats_pkg.recs.DELETE;
-- END;

-- /
-- ALTER TRIGGER "TRG_DSS_STMT" ENABLE;
-- --------------------------------------------------------
-- --  DDL for Trigger TRG_SPRINT_STATS_ROW
-- --------------------------------------------------------

--   CREATE OR REPLACE EDITIONABLE TRIGGER "TRG_SPRINT_STATS_ROW" 
-- AFTER INSERT OR DELETE
--    OR UPDATE OF COMPLETED, MAIN_TASK_ID
-- ON SUBTASKS
-- FOR EACH ROW
-- DECLARE
--   v_sprint_old NUMBER;
--   v_sprint_new NUMBER;
-- BEGIN
--   -- Si cambió la relación de tarea o es delete/insert, sacar ambos valores
--   IF INSERTING THEN
--     SELECT SPRINT_ID INTO v_sprint_new 
--     FROM TODOITEM 
--     WHERE ID = :NEW.MAIN_TASK_ID;
--     sprint_stats_pkg.mark_sprint(v_sprint_new);

--   ELSIF DELETING THEN
--     SELECT SPRINT_ID INTO v_sprint_old 
--     FROM TODOITEM 
--     WHERE ID = :OLD.MAIN_TASK_ID;
--     sprint_stats_pkg.mark_sprint(v_sprint_old);

--   ELSIF UPDATING THEN
--     -- Nuevo MAIN_TASK_ID
--     SELECT SPRINT_ID INTO v_sprint_new 
--       FROM TODOITEM 
--       WHERE ID = :NEW.MAIN_TASK_ID;
--     sprint_stats_pkg.mark_sprint(v_sprint_new);

--     -- Viejo MAIN_TASK_ID (puede ser distinto)
--     SELECT SPRINT_ID INTO v_sprint_old 
--       FROM TODOITEM 
--       WHERE ID = :OLD.MAIN_TASK_ID;
--     sprint_stats_pkg.mark_sprint(v_sprint_old);
--   END IF;
-- END;

-- /
-- ALTER TRIGGER "TRG_SPRINT_STATS_ROW" ENABLE;
-- --------------------------------------------------------
-- --  DDL for Trigger TRG_SPRINT_STATS_STMT
-- --------------------------------------------------------

--   CREATE OR REPLACE EDITIONABLE TRIGGER "TRG_SPRINT_STATS_STMT" 
-- AFTER INSERT OR DELETE
--    OR UPDATE OF COMPLETED, MAIN_TASK_ID
-- ON SUBTASKS
-- DECLARE
--   v_sprint  NUMBER;
--   v_total   NUMBER;
--   v_done    NUMBER;
--   v_est     NUMBER(10,2);
--   v_act     NUMBER(10,2);
-- BEGIN
--   FOR i IN 1..sprint_stats_pkg.sprints.COUNT LOOP
--     v_sprint := sprint_stats_pkg.sprints(i);

--     -- Agregar subtareas que pertenezcan a tareas de este sprint
--     SELECT 
--       COUNT(*),
--       SUM(CASE WHEN s.COMPLETED=1 THEN 1 ELSE 0 END),
--       NVL(SUM(CASE WHEN s.COMPLETED=1 THEN s.ESTIMATED_HOURS ELSE 0 END),0),
--       NVL(SUM(CASE WHEN s.COMPLETED=1 THEN s.ACTUAL_HOURS    ELSE 0 END),0)
--     INTO v_total, v_done, v_est, v_act
--     FROM SUBTASKS s
--     JOIN TODOITEM t ON t.ID = s.MAIN_TASK_ID
--     WHERE t.SPRINT_ID = v_sprint;

--     -- Actualizar la fila de stats
--     UPDATE SPRINT_STATS
--     SET 
--       TOTAL_SUBTASKS      = v_total,
--       TOTAL_COMPLETED     = v_done,
--       SUM_ESTIMATED_HOURS = v_est,
--       SUM_ACTUAL_HOURS    = v_act,
--       LAST_UPDATED_TS     = CURRENT_TIMESTAMP
--     WHERE SPRINT_ID = v_sprint;
--   END LOOP;

--   -- Limpiar para la próxima ejecución
--   sprint_stats_pkg.sprints.DELETE;
-- END;

-- /
-- ALTER TRIGGER "TRG_SPRINT_STATS_STMT" ENABLE;
-- --------------------------------------------------------
-- --  DDL for Trigger TRG_DSS_ROW
-- --------------------------------------------------------

--   CREATE OR REPLACE EDITIONABLE TRIGGER "TRG_DSS_ROW" 
-- AFTER INSERT OR DELETE
--    OR UPDATE OF COMPLETED, ASSIGNED_DEVELOPER_ID, MAIN_TASK_ID
-- ON SUBTASKS
-- FOR EACH ROW
-- DECLARE
--   v_old_sprint NUMBER;
--   v_new_sprint NUMBER;
-- BEGIN
--   -- Insert
--   IF INSERTING THEN
--     SELECT SPRINT_ID 
--       INTO v_new_sprint 
--       FROM TODOITEM 
--      WHERE ID = :NEW.MAIN_TASK_ID;
--     dev_sprint_stats_pkg.mark(:NEW.ASSIGNED_DEVELOPER_ID, v_new_sprint);

--   -- Delete
--   ELSIF DELETING THEN
--     SELECT SPRINT_ID 
--       INTO v_old_sprint 
--       FROM TODOITEM 
--      WHERE ID = :OLD.MAIN_TASK_ID;
--     dev_sprint_stats_pkg.mark(:OLD.ASSIGNED_DEVELOPER_ID, v_old_sprint);

--   -- Update (puede cambiar developer o tarea)
--   ELSIF UPDATING THEN
--     -- nuevo par
--     SELECT SPRINT_ID 
--       INTO v_new_sprint 
--       FROM TODOITEM 
--      WHERE ID = :NEW.MAIN_TASK_ID;
--     dev_sprint_stats_pkg.mark(:NEW.ASSIGNED_DEVELOPER_ID, v_new_sprint);
--     -- viejo par
--     SELECT SPRINT_ID 
--       INTO v_old_sprint 
--       FROM TODOITEM 
--      WHERE ID = :OLD.MAIN_TASK_ID;
--     dev_sprint_stats_pkg.mark(:OLD.ASSIGNED_DEVELOPER_ID, v_old_sprint);
--   END IF;
-- END;

-- /
-- ALTER TRIGGER "TRG_DSS_ROW" ENABLE;
-- --------------------------------------------------------
-- --  DDL for Trigger TRG_DEV_STATS_ROW
-- --------------------------------------------------------

--   CREATE OR REPLACE EDITIONABLE TRIGGER "TRG_DEV_STATS_ROW" 
-- AFTER INSERT OR DELETE
--    OR UPDATE OF COMPLETED, ASSIGNED_DEVELOPER_ID
-- ON SUBTASKS
-- FOR EACH ROW
-- BEGIN
--   IF INSERTING THEN
--     dev_stats_pkg.mark_dev(:NEW.ASSIGNED_DEVELOPER_ID);
--   ELSIF DELETING THEN
--     dev_stats_pkg.mark_dev(:OLD.ASSIGNED_DEVELOPER_ID);
--   ELSIF UPDATING THEN
--     dev_stats_pkg.mark_dev(:NEW.ASSIGNED_DEVELOPER_ID);
--     dev_stats_pkg.mark_dev(:OLD.ASSIGNED_DEVELOPER_ID);
--   END IF;
-- END;

-- /
-- ALTER TRIGGER "TRG_DEV_STATS_ROW" ENABLE;
-- --------------------------------------------------------
-- --  DDL for Trigger TRG_DEV_STATS_STMT
-- --------------------------------------------------------

--   CREATE OR REPLACE EDITIONABLE TRIGGER "TRG_DEV_STATS_STMT" 
-- AFTER INSERT OR DELETE
--    OR UPDATE OF COMPLETED, ASSIGNED_DEVELOPER_ID
-- ON SUBTASKS
-- DECLARE
--   v_dev   NUMBER;
--   v_ass   NUMBER;
--   v_com   NUMBER;
--   v_est   NUMBER(10,2);
--   v_act   NUMBER(10,2);
-- BEGIN
--   FOR i IN 1..dev_stats_pkg.devs.COUNT LOOP
--     v_dev := dev_stats_pkg.devs(i);

--     SELECT 
--       COUNT(*),
--       SUM(CASE WHEN COMPLETED = 1 THEN 1 ELSE 0 END),
--       NVL(SUM(CASE WHEN COMPLETED = 1 THEN ESTIMATED_HOURS ELSE 0 END),0),
--       NVL(SUM(CASE WHEN COMPLETED = 1 THEN ACTUAL_HOURS    ELSE 0 END),0)
--     INTO v_ass, v_com, v_est, v_act
--     FROM SUBTASKS
--     WHERE ASSIGNED_DEVELOPER_ID = v_dev;

--     UPDATE DEVELOPER_STATS
--     SET 
--       TOTAL_ASSIGNED_COUNT  = v_ass,
--       TOTAL_COMPLETED_COUNT = v_com,
--       SUM_ESTIMATED_HOURS   = v_est,
--       SUM_ACTUAL_HOURS      = v_act,
--       LAST_UPDATED_TS       = CURRENT_TIMESTAMP
--     WHERE DEVELOPER_ID = v_dev;
--   END LOOP;

--   -- Limpiar la lista para la siguiente ejecución
--   dev_stats_pkg.devs.DELETE;
-- END;

-- /
-- ALTER TRIGGER "TRG_DEV_STATS_STMT" ENABLE;
